"id","firstName","lastName","gender","address","city","phone","email","domain"
"1","Rahul","Herman","male","0911 Johnston Ridge","East Zeldashire","67124295","Andrew_Collier@hotmail.com","software architect engineer"
"2","Ila","Herman","female","0099 Triston Mills","Amiyaboro","66208726","Rogers.Purdy83@hotmail.com","business analyst"
"3","Gabriel","Kreiger","male","73436 Heidenreich Valley","Lake Rheaview","89824380","Athena.Wolff@gmail.com","cloud engineer"
"4","Danial","Sporer","female","69020 Stiedemann Lakes","Holdenton","32127503","Isaac61@yahoo.com","cloud engineer"
"5","Odell","Dare","female","8038 Yazmin Shores","Fort Karlie","33223797","Frederic41@gmail.com","cloud engineer"
"6","Ardella","Hettinger","female","290 Precious Garden","Bodeborough","03274908","Dell_Denesik@gmail.com","network engineer"
"7","Lavina","Littel","female","0878 Schaefer Shores","Fort Otho","22509111","Jace_Jenkins45@yahoo.com","business analyst"
"8","Annette","Nikolaus","female","876 Keebler Cliffs","Schmelerton","88791444","Carmella_Quigley@gmail.com","cloud engineer"
"9","Tamara","Turcotte","female","2203 Doyle Walks","Opalfort","47428975","Margret3@gmail.com","network engineer"
"10","Lewis","Huel","male","986 Makenzie Shoals","Schusterton","73431775","Tommie.Langosh@yahoo.com","network engineer"
"11","Vilma","Spencer","male","13436 Keira Vista","Appleton","78061048","Maida.Mann@yahoo.com","cloud engineer"
"12","Louvenia","Thompson","female","8059 Lillie Springs","Skilesworth","94138011","Keyshawn_Pagac18@gmail.com","software architect engineer"
"13","Creola","Reynolds","female","343 Sandy Trafficway","Enterprise","98070834","Candido54@gmail.com","network engineer"
"14","Tremayne","Runolfsson","female","740 Orlando Land","New Trent","39541379","Brooklyn74@hotmail.com","software architect engineer"
"15","Kelly","Greenholt","male","62815 Kovacek Lock","Beerton","49461900","Christian_Runte@gmail.com","software architect engineer"
"16","Annalise","Krajcik","female","122 Hollis Mill","West Albinafield","55757509","Vladimir_Rohan50@yahoo.com","network engineer"
"17","Sydney","Pfannerstill","female","1403 Odell Mount","New Elmore","54298876","Cathy71@hotmail.com","software architect engineer"
"18","Alvis","Stracke","female","1876 Torphy Wall","Fort Leeberg","80641798","Virgie16@yahoo.com","business analyst"
"19","Zoila","Jaskolski","male","01026 Crist Route","Orashire","52810310","Randal_Veum@hotmail.com","business analyst"
"20","Clyde","Fadel","male","2240 Shields Overpass","Handside","61916666","Therese.Champlin@yahoo.com","business analyst"
"21","Donnell","Heaney","male","3862 Turcotte Knoll","Lake Erikaworth","82305476","Hanna.Anderson73@hotmail.com","software architect engineer"
"22","Annabell","Berge","male","39022 Brakus Mission","Fort Sterling","70900859","Kiarra_Jones75@hotmail.com","business analyst"
"23","Orpha","Kutch","female","27386 Jude Knoll","Effertzchester","10104525","Vidal81@yahoo.com","software architect engineer"
"24","Violet","Marquardt","male","120 Consuelo Court","North Rosemary","65116829","Ethyl8@yahoo.com","network engineer"
"25","Ethel","Marvin","male","889 Kutch Crossroad","East Abelardo","09689069","Kayli17@yahoo.com","business analyst"
"26","Leanne","Turcotte","female","495 Wilma Lights","Ivychester","99216635","Chaya12@hotmail.com","cloud engineer"
"27","Jerome","Heaney","female","4816 Ritchie Lodge","Fort Jewelborough","78549264","Rod.Christiansen73@hotmail.com","business analyst"
"28","Ezekiel","Walter","male","0940 Ferry Plain","Grayceshire","76687524","Dixie.Feeney@gmail.com","business analyst"
"29","Verner","Prohaska","female","49522 Earlene Lane","Taureanboro","00388362","Scarlett_Metz@hotmail.com","software architect engineer"
"30","Theodore","Berge","male","202 Torphy Field","Wisokytown","79472056","Jarrett70@hotmail.com","network engineer"
"31","Patricia","Kovacek","female","41593 Torphy Villages","Lake Nedrastead","88628983","Elenora_Doyle@gmail.com","business analyst"
"32","Maximus","Zemlak","male","06664 Cormier Ramp","West Noahworth","38490152","Damaris91@gmail.com","network engineer"
"33","Lucile","Ferry","male","1824 Raphael Mills","West Yasmine","77274410","Gardner_Hackett20@gmail.com","cloud engineer"
"34","Jaren","Collier","male","4314 Whitney Flats","North Jettiecester","43287282","Geovanni.Schultz@yahoo.com","cloud engineer"
"35","Harvey","Aufderhar","male","86387 Constance Park","Rebekahhaven","23271642","Conner_Kuhlman22@yahoo.com","business analyst"
"36","Camryn","Altenwerth","female","9528 Orn Valleys","East Floydfield","89902377","Delphine93@yahoo.com","cloud engineer"
"37","Myles","Hermann","female","2103 Gerson Burgs","North Margaretta","54782347","Dayton_Fay98@gmail.com","software architect engineer"
"38","Taurean","Feeney","male","95174 Mann Union","East Sadie","20049457","Erling85@gmail.com","network engineer"
"39","Jerome","Larson","female","36994 Schuster Shores","Redmond","97765674","Madisyn.Champlin@yahoo.com","software architect engineer"
"40","Norma","Sanford","female","8364 Torey Fields","Port Taraton","09099741","Rahsaan_Hahn@hotmail.com","business analyst"
"41","Monty","Davis","female","548 Brandon Avenue","Mohrfield","25040382","Elmer.Ernser@gmail.com","business analyst"
"42","Gaetano","Olson","female","1907 Russell Course","Willastad","10594765","Skye1@yahoo.com","software architect engineer"
"43","Rebeka","Koelpin","female","3450 Bode Causeway","Tigard","85270319","Reilly.Gottlieb@hotmail.com","business analyst"
"44","Milton","Funk","female","13163 Kshlerin Plain","Marjorieborough","07536282","Koby_Koepp@hotmail.com","cloud engineer"
"45","Demarcus","Wolf","male","25190 Wilma Run","Graycestad","06006106","Arielle_Sawayn@yahoo.com","business analyst"
"46","Selena","Wiza","female","04871 Nienow Coves","New Orleans","04263476","Catalina.Lueilwitz@gmail.com","software architect engineer"
"47","Alex","Dickens","male","79940 Emilie Underpass","New Dedriccester","50472479","Jarret.Paucek98@yahoo.com","software architect engineer"
"48","Eugenia","D'Amore","male","2835 Timmothy Overpass","New Thalia","01768677","Murray.Carroll@yahoo.com","network engineer"
"49","Dan","Labadie","male","51562 Keebler Roads","Riverview","16130861","Kelley.Steuber65@yahoo.com","cloud engineer"
"50","Jessy","Kutch","female","3501 Garett Flats","East Louieberg","28684167","Johnathon_Greenholt64@gmail.com","business analyst"
"51","Clovis","Reynolds","female","5758 VonRueden Lodge","Hermistonshire","62856368","Rae75@hotmail.com","business analyst"
"52","Kristofer","Bartoletti","male","36426 Ward Skyway","Maziebury","19356110","Abbigail_Ankunding43@yahoo.com","network engineer"
"53","Abagail","Bauch","male","3887 Rick Mill","Nashville-Davidson","54049662","Ashley.OKon72@yahoo.com","network engineer"
"54","Kiel","Bechtelar","female","194 Krajcik Pine","Port Mikaylashire","26849373","Callie.Sauer39@hotmail.com","business analyst"
"55","Cleveland","Oberbrunner","male","34149 Oscar Drives","Hagenesbury","77386056","Karine_Bernier@gmail.com","network engineer"
"56","Kade","Howe","female","32634 Stanton Prairie","Salina","98438779","Drake95@hotmail.com","software architect engineer"
"57","Reuben","Schultz","female","3425 Yesenia Way","Quitzonworth","05999210","Marlen.Schmeler24@yahoo.com","network engineer"
"58","Kevin","Heidenreich","female","8377 Lang Cliff","Rowlandville","73932129","Kaley_Roob25@gmail.com","network engineer"
"59","Kaden","Runolfsson","female","9510 Hans Row","Loweside","34217498","Rene_Dickinson31@yahoo.com","cloud engineer"
"60","Madyson","Littel","male","46781 Mozelle Streets","West Yessenia","13392423","Kimberly_Lehner@hotmail.com","network engineer"
"61","Moriah","Murphy","male","2583 Dickens Stravenue","West Seamus","50316856","Destinee81@hotmail.com","business analyst"
"62","Freddy","Conn","female","76118 Ebert Mews","Luettgenfurt","73824278","Lonzo17@yahoo.com","network engineer"
"63","Chaz","Tremblay","male","3135 Stiedemann Land","Baumbachville","05161309","Bryce_Gorczany32@hotmail.com","network engineer"
"64","Austen","Mohr","male","6413 Isidro Ranch","Tremblayboro","32592557","Corbin_Stehr4@yahoo.com","software architect engineer"
"65","Heaven","Mante","male","50268 Roselyn Divide","North Don","16645760","Lisette30@hotmail.com","business analyst"
"66","Austen","Tromp","male","19867 Leffler Street","New Randitown","14437637","Gussie_Schamberger92@yahoo.com","cloud engineer"
"67","Hans","Jacobs","male","0584 Flatley Creek","Sioux Falls","56245374","Abner_Waters94@gmail.com","network engineer"
"68","Lynn","Effertz","female","56278 Carey Ranch","Davionberg","07748504","Dax.Keeling45@hotmail.com","software architect engineer"
"69","Al","Gerlach","female","6276 O'Hara Ranch","Kayleeside","74417451","Linnie34@hotmail.com","business analyst"
"70","Precious","Schuppe","female","3163 Olin Glen","Marjoriefurt","67937627","Olin.Reichert88@yahoo.com","network engineer"
"71","Oda","Champlin","female","3635 Mayra Pike","Simoneburgh","78416817","Helga.Huels@hotmail.com","business analyst"
"72","Kylie","Bergstrom","male","72942 Jerrod Vista","New York","56396219","Lorenza.Stanton@hotmail.com","software architect engineer"
"73","Wilbert","Zemlak","female","8060 Coy Knoll","Marquardtfield","82559869","Amya30@yahoo.com","business analyst"
"74","Hilton","Jenkins","male","41970 Delmer Falls","Trinityburgh","40603715","Hilma_Schaefer@hotmail.com","business analyst"
"75","Gunnar","Rosenbaum","female","3411 Zoey Port","South Davonteboro","29266807","Hayley_Stroman@gmail.com","network engineer"
"76","Dayton","Lind","male","312 Stracke Parkways","Fort Mathias","50088973","Noble34@hotmail.com","network engineer"
"77","Dewitt","Wehner","male","45464 Mertz Lights","Nampa","22782685","Coralie55@gmail.com","software architect engineer"
"78","Mya","Schulist","male","8271 Fisher Well","Greenfelderworth","23746436","Aletha.Howell@yahoo.com","network engineer"
"79","Roscoe","Deckow","female","07240 Nyah Parkway","San Juan","87931514","Leland16@gmail.com","network engineer"
"80","Mose","Hartmann","male","6925 Efren Key","Nitzschemouth","76858286","Ruthie.Friesen46@gmail.com","network engineer"
"81","Isai","Rohan","female","4948 Haley Roads","Tulsa","89362955","Cleo.Douglas@yahoo.com","business analyst"
"82","Alexandria","Mertz","male","71838 Williamson Wells","Port Avisfort","13286233","Jocelyn_Jerde17@yahoo.com","software architect engineer"
"83","Winston","Leuschke","female","696 Murazik Terrace","Johanhaven","22811720","Kameron.Lakin7@yahoo.com","business analyst"
"84","Tracey","Okuneva","female","14577 Howell Radial","Noemyton","46355313","Vada32@hotmail.com","software architect engineer"
"85","Freddy","Huels","male","452 Judd Parkways","Coleworth","14539548","Annalise.Frami57@hotmail.com","network engineer"
"86","Corbin","Green","female","74137 Keven Forge","Port Brenden","55117624","Aurelia_Williamson68@gmail.com","network engineer"
"87","Keara","Haag","female","1938 Thiel Camp","Loisstead","73870054","Halle.Rippin@hotmail.com","network engineer"
"88","Michaela","Swift","female","8703 Reichel Rue","DeKalb","57246941","Elnora.Hills@gmail.com","cloud engineer"
"89","Fern","Russel","male","16983 Aimee Summit","Homestead","11810378","Tatyana.Carroll55@gmail.com","network engineer"
"90","Rosendo","Collins","male","484 Heath Mount","Fort Dudleyland","95987402","Mariana.Schulist7@gmail.com","business analyst"
"91","Wanda","Witting","female","643 Rubie Overpass","Wardville","24354668","Taurean23@yahoo.com","business analyst"
"92","Filiberto","Thiel","male","485 Joseph Avenue","Eulaburgh","07466582","Everardo_Batz@gmail.com","business analyst"
"93","Rhea","Ziemann","female","000 Sanford Park","Victoria","73978709","Ronny_Koelpin23@hotmail.com","software architect engineer"
"94","Naomi","Rodriguez","male","061 Hackett Rest","Kemmercester","64565876","Antonette.Kuhn@yahoo.com","cloud engineer"
"95","Elena","Swift","male","4721 Cordelia Crossing","New Zackery","38235983","Michele.Hessel@hotmail.com","cloud engineer"
"96","Josiah","Jacobi","male","482 Herman Flat","Fort Josie","46017086","Alessandro.Lind@hotmail.com","cloud engineer"
"97","Luna","Marvin","male","57962 Beahan Centers","Fort Forestfield","19775928","Kyra73@hotmail.com","software architect engineer"
"98","Ozella","Reinger","female","3792 Mraz Spring","Connorworth","88333143","Savanna87@hotmail.com","cloud engineer"
"99","Juliana","Fisher","female","16680 Wava Green","Volkmanbury","76451170","Ivah94@yahoo.com","software architect engineer"
"100","Celia","Rice","male","958 Elena Viaduct","Columbia","66437330","Nora_Pouros@gmail.com","software architect engineer"
"101","Javonte","Beier","male","0264 Turcotte Brooks","Lake Eliville","19741962","Jameson_Cremin@hotmail.com","software architect engineer"
"102","Buster","Wiza","male","699 Dicki Wall","West Zackery","09038641","Deshawn.Raynor@gmail.com","software architect engineer"
"103","Jaunita","Schneider","male","30508 Leanna Wall","Centennial","68128626","Filomena_Bode30@gmail.com","software architect engineer"
"104","Shanny","Collins","female","550 Quinn Gardens","Delano","57008671","Alexandrine62@gmail.com","network engineer"
"105","Santos","Green","female","56082 Elsa Mission","Port Jamison","40455864","Willie50@gmail.com","software architect engineer"
"106","Felicity","Boyle","female","4502 Krista Islands","Port Mario","70265344","Madonna44@gmail.com","business analyst"
"107","Jeanette","Hirthe","female","4487 Antonetta Expressway","South Guyview","09093455","Gilbert.Parker@yahoo.com","cloud engineer"
"108","Syble","Dooley","female","4639 Vicente Shores","Kentwood","69110455","Dax_Weimann98@yahoo.com","network engineer"
"109","Palma","Bernier","female","51300 Rick Falls","Mayertton","18746422","Ophelia6@gmail.com","network engineer"
"110","Bart","Osinski","male","363 Jaylon Mews","Raystad","95292314","Connor57@yahoo.com","cloud engineer"
"111","Carson","Wiegand","male","8531 Vallie Radial","Phoenix","74423866","Vilma95@hotmail.com","business analyst"
"112","Heather","Reilly","male","239 Kilback Spurs","Buena Park","92607380","Bertrand_Cassin@gmail.com","network engineer"
"113","Tressa","Von","female","834 Friesen Springs","Rhiannaland","58428946","Felton76@yahoo.com","software architect engineer"
"114","Maude","Turcotte","female","83752 Effie Mill","Kuhlmanview","76033530","Gordon.Harvey@yahoo.com","network engineer"
"115","Coy","Kautzer","male","82888 Katherine Gardens","North Laurianne","41110955","Deborah14@gmail.com","business analyst"
"116","Alberto","Grant","male","4222 Steuber Ramp","Prosaccobury","32188629","Golda.Schuster44@gmail.com","cloud engineer"
"117","Natalia","Lueilwitz","female","7813 Sid Meadow","Fort Blaise","35324033","Rosa.Stehr4@gmail.com","network engineer"
"118","Lauretta","Lindgren","male","768 Cloyd Mountain","Adrienberg","53701032","Anderson_Mueller@yahoo.com","business analyst"
"119","Emily","Rohan","female","434 Janis Shoal","Henryland","79497980","Erna_Littel@yahoo.com","software architect engineer"
"120","Pierce","Grimes","male","46626 Victor Shores","Lake Pinkie","22607146","Phoebe_Padberg@yahoo.com","software architect engineer"
"121","Winnifred","Baumbach","male","47850 Zander Mill","Corkeryborough","84779990","Jamir_Rolfson91@hotmail.com","cloud engineer"
"122","Blaise","Kulas","female","68555 Ritchie Skyway","Natashachester","03422189","Clint15@gmail.com","cloud engineer"
"123","Remington","Dietrich","male","1125 Dustin Fall","Naperville","61284145","Ethel_Tremblay@hotmail.com","software architect engineer"
"124","Emerson","Zboncak","male","67765 Ezekiel Center","New Tyreltown","24766836","Zackery.Casper28@hotmail.com","software architect engineer"
"125","Amalia","Durgan","male","39215 Durgan Cliff","Midwest City","52749813","Dolly_Ritchie@yahoo.com","cloud engineer"
"126","Frances","Robel","female","639 Ratke Field","Danielbury","27549585","Cynthia_Kassulke94@gmail.com","business analyst"
"127","Jasen","Pacocha","female","54659 Alanis Unions","North Gene","61860204","Orion91@yahoo.com","network engineer"
"128","Michele","Sporer","male","7105 Leatha Orchard","Pricefurt","76793120","Anthony56@gmail.com","software architect engineer"
"129","Domingo","Green","male","69321 Ebert Mountains","West Liza","44044214","June.Mueller89@hotmail.com","software architect engineer"
"130","Javonte","Stroman","female","906 O'Hara Pass","Lake Carleybury","44913533","Carroll.Stamm65@hotmail.com","business analyst"
"131","Brenden","Donnelly","female","58912 Jarod Pine","Lake Beatricestead","02495342","Christa74@yahoo.com","cloud engineer"
"132","Edmund","Kunde","male","596 Shawn Vista","Rolfsonhaven","15384096","Lindsay_Wintheiser@yahoo.com","business analyst"
"133","Tad","Krajcik","female","8680 Bayer Plain","Runolfsdottirton","88115364","Adrian.Gulgowski@hotmail.com","network engineer"
"134","Zola","Becker","female","830 Padberg Skyway","Larsoncester","34993464","Wanda_Champlin7@hotmail.com","software architect engineer"
"135","Martine","Lakin","male","59493 Batz Coves","East Talonworth","05253140","Eugenia.Rodriguez83@yahoo.com","network engineer"
"136","Hester","Dooley","female","0811 Stroman Key","Gottliebland","36919026","Adolf93@gmail.com","software architect engineer"
"137","Leanna","Buckridge","female","89315 Stehr Valleys","West Ena","85482859","Elvie94@gmail.com","cloud engineer"
"138","Alexandro","Hansen","male","48437 Antwon Glen","Anabellestead","86846204","Mario18@yahoo.com","software architect engineer"
"139","Adan","Stehr","female","328 Matilde Brooks","Joaniefort","14487265","Aurelia_Macejkovic@hotmail.com","software architect engineer"
"140","Korbin","Witting","female","995 Borer Green","Hermistonview","96451381","Brock.McLaughlin22@gmail.com","cloud engineer"
"141","Eriberto","Raynor","male","479 Giovanny Creek","Dominicbury","70647435","Nova73@gmail.com","software architect engineer"
"142","Lexi","Shanahan","male","2004 Blick Stream","Dibbertstad","68444521","Lavinia.Lockman54@gmail.com","cloud engineer"
"143","Vivian","Lakin","female","6729 Cory Mall","Manteca","56429934","Noe_Hickle4@hotmail.com","business analyst"
"144","Alden","Friesen","male","815 Assunta Run","Caterinabury","68232427","Henderson_Welch94@hotmail.com","cloud engineer"
"145","Frederik","Jacobi","female","20349 Reynolds Manor","Bergnaumstead","63337311","Forrest18@yahoo.com","network engineer"
"146","Archibald","Reynolds","male","251 Mckenzie Flat","Fort Halle","97547767","Chelsey_Weissnat87@yahoo.com","business analyst"
"147","Mckenzie","Moore","female","594 Hudson Haven","Providence","41365036","Mckenzie_Dicki@yahoo.com","business analyst"
"148","Neva","Stoltenberg","female","217 Ella Falls","Hesselchester","16058708","Mabelle_Heaney33@hotmail.com","cloud engineer"
"149","Maia","Adams","female","977 Otis Spurs","Gerlachstad","29124669","Miles49@hotmail.com","cloud engineer"
"150","Fabiola","O'Hara","female","63464 Justen Cliffs","Prosaccoport","49566140","Clint.Bradtke32@yahoo.com","network engineer"
"151","Brannon","Barton","male","8818 Geovanny Trail","Bayonne","72240156","Carson16@gmail.com","cloud engineer"
"152","Alexis","Hartmann","male","0908 Ritchie Land","Faheyland","28520186","Breanna15@gmail.com","business analyst"
"153","Marie","Upton","female","90968 Paxton Brook","Port Ayana","96401069","Ray.Spinka46@yahoo.com","software architect engineer"
"154","Delaney","Morar","female","01584 Arielle Freeway","Hammestown","40746138","Nyasia.Altenwerth@hotmail.com","business analyst"
"155","Aric","Lebsack","male","419 Abner Mountains","Cynthiaport","84263211","Lawrence_Schmidt3@hotmail.com","business analyst"
"156","Avis","Stracke","female","332 Drew Rapids","West Sacramento","66769253","Trent2@hotmail.com","network engineer"
"157","Vena","Veum","female","0010 Treutel Spur","West Vladimircester","64260374","Lillian.Littel9@hotmail.com","business analyst"
"158","Heloise","Abbott","female","213 Destini Rapids","Fort Maximusberg","59810514","Madisen.Yost5@gmail.com","software architect engineer"
"159","Lucienne","Mueller","female","5812 Mayer Freeway","South Foresttown","00952412","Gardner.Harris@gmail.com","business analyst"
"160","Tyrique","Aufderhar","female","620 Alexandrine Creek","Hailietown","51525743","Lizeth_Weimann@gmail.com","business analyst"
"161","Dustin","Lang","female","91784 Auer Viaduct","Upland","97424188","Hilario_Thiel85@hotmail.com","cloud engineer"
"162","Kaleigh","Denesik","female","0684 Ike Port","Moniquestead","80007003","Hanna96@yahoo.com","cloud engineer"
"163","David","O'Keefe","female","9521 Maddison Brook","Brookline","16139471","Myrtice64@gmail.com","software architect engineer"
"164","Sheila","Sawayn","male","599 Bosco Passage","DeSoto","16080368","Imelda37@hotmail.com","business analyst"
"165","Judson","Emmerich","female","9122 Schroeder Oval","Leilaburgh","34986975","Verda_Muller29@gmail.com","software architect engineer"
"166","Jerrell","Bins","male","49288 Braun Extension","San Antonio","59570358","Carrie97@hotmail.com","network engineer"
"167","Jane","Grimes","female","685 Jermaine Bypass","Binsberg","17534410","Cody.Kautzer@gmail.com","software architect engineer"
"168","Adriana","Franey","female","251 Aisha Knoll","Rowlandcester","88720597","Cleve.Jones@yahoo.com","software architect engineer"
"169","Calista","Schamberger","male","37084 Sporer Orchard","Fort Gordon","42081666","Stacey.Strosin46@hotmail.com","network engineer"
"170","Amara","King","female","993 Maximo Creek","Port Juvenalberg","75643817","Bernard.Heller@yahoo.com","cloud engineer"
"171","Hollie","Ratke","male","979 Shakira Expressway","South Ravenstad","92287899","Catharine.Hoppe@yahoo.com","network engineer"
"172","Alexys","Kulas","male","5890 Jeramy Green","Rathshire","73337029","Lenna_Gerhold@yahoo.com","business analyst"
"173","Tre","Sporer","male","66272 Art Row","Keonfield","77940022","Joannie_Shields@gmail.com","cloud engineer"
"174","Nettie","Wuckert","female","73135 Bahringer Forest","New Maybell","91650480","Norris.Hermiston39@gmail.com","software architect engineer"
"175","Tom","Hahn","female","0963 Carter Ford","Cassiefield","70208901","Milton.Fisher26@hotmail.com","network engineer"
"176","Elisa","MacGyver","female","148 Maybelle Lakes","Schuppeboro","78761759","Maurice82@hotmail.com","software architect engineer"
"177","Ambrose","Lakin","female","966 Billie Neck","South Theron","26199485","Greg_Boyle@yahoo.com","network engineer"
"178","Jacklyn","Padberg","female","13694 Frederique Spring","North Zackary","41006762","Makenzie_Homenick@gmail.com","cloud engineer"
"179","Kendrick","Nienow","female","599 Koss Heights","Port Cale","67756700","Drake.Wiegand@gmail.com","network engineer"
"180","Jamaal","Larkin","female","1185 Ottilie Squares","Port Josephport","11928335","Jolie84@yahoo.com","cloud engineer"
"181","Danyka","Kuvalis","female","4754 Cronin Pines","North Gilbertofurt","93585794","Lorena_Abernathy46@hotmail.com","cloud engineer"
"182","Deborah","Kunde","male","223 Verlie Road","Pourosport","08161899","Jalyn_Ward@yahoo.com","software architect engineer"
"183","Betty","Tromp","male","195 Morissette Ville","Fort Collins","38763531","Ashly45@yahoo.com","network engineer"
"184","Grant","Hane","male","6611 Oberbrunner Throughway","South Bend","74881298","Ned27@yahoo.com","software architect engineer"
"185","Janae","Towne","male","1971 Cronin Harbors","Waylonfort","44825467","Ashlynn.Conn62@yahoo.com","cloud engineer"
"186","Edwardo","Towne","male","05654 Schoen Cliffs","Kohlerside","05434678","Tyson21@yahoo.com","business analyst"
"187","Erick","Walsh","female","537 Mayert Gateway","Seattle","81991644","Eriberto36@hotmail.com","business analyst"
"188","Breana","Erdman","female","38673 Hackett Divide","North Malinda","81841596","Don_Emard@yahoo.com","software architect engineer"
"189","Katherine","Rohan","male","5456 Darion Corner","St. Cloud","97482018","Anastasia_Daugherty99@hotmail.com","network engineer"
"190","Delpha","Upton","male","9148 Marks Forest","Audreyshire","81982641","Ivory.Durgan@hotmail.com","software architect engineer"
"191","Krystel","Wolff","male","8239 Delfina Spring","Fountainebleau","03293179","Janet.Veum66@gmail.com","business analyst"
"192","Minerva","Hilpert","male","6466 Harold Well","Sauerchester","98575085","Savanna55@hotmail.com","network engineer"
"193","Darius","Hammes","male","35973 Collins Route","Huntington Beach","76548202","Vita_Rodriguez@gmail.com","business analyst"
"194","Alanis","Waelchi","male","22957 Kariane Heights","Cindyboro","33420497","Lincoln_Walter@yahoo.com","cloud engineer"
"195","Raymundo","Pouros","male","041 Cary Drives","Caldwell","86824920","Tevin41@gmail.com","business analyst"
"196","Destiney","Swift","male","8146 Ethyl Drive","Millcreek","95683540","Concepcion_Simonis@gmail.com","network engineer"
"197","Bethel","Waelchi","female","44226 Trantow Heights","Lake Shaniechester","89566794","Ludwig.Zulauf38@hotmail.com","cloud engineer"
"198","Maci","Carroll","male","5974 Senger Fall","Lake Otto","91695669","Bradford.Jakubowski@yahoo.com","business analyst"
"199","Wilfredo","Heller","female","1715 Adams Crossing","Wardworth","20322259","Silas19@yahoo.com","software architect engineer"
"200","Amie","Herman","male","015 Krajcik Ramp","South Vitachester","40933538","Rocky9@hotmail.com","network engineer"
"201","Adelbert","Murphy","female","656 Oberbrunner Path","Darleneland","48723135","Aaron92@yahoo.com","network engineer"
"202","Citlalli","Moore","male","431 Zelma Place","Santa Maria","00618120","Sonia_Rogahn@gmail.com","network engineer"
"203","Morris","Herzog","male","79770 Elyse Trafficway","South Adrianaberg","87178204","Delfina53@hotmail.com","cloud engineer"
"204","Roscoe","Schuppe","female","3140 Karolann Pine","Fayfield","80159122","Dwight86@yahoo.com","software architect engineer"
"205","Buster","Bechtelar","male","634 Frances Divide","East Aiden","12402835","Kaleb.Hayes@yahoo.com","cloud engineer"
"206","Maiya","Volkman","female","80846 Telly Walk","South Kaden","11838046","Ava.Jacobs9@hotmail.com","network engineer"
"207","Jacynthe","Weissnat","male","7201 Blanda Parkways","Lake Otiliachester","72495133","Alexanne60@hotmail.com","cloud engineer"
"208","Edmund","Rohan","male","642 Royal Manor","Asheville","10596857","Linnie_King94@yahoo.com","network engineer"
"209","Wilbert","Hudson","female","497 Jacobi Circles","Victoriaworth","66139369","Sedrick_Ratke@hotmail.com","network engineer"
"210","Meghan","Runolfsson","female","725 Berta Crest","Port Angeline","27219071","Retta.Boyle12@hotmail.com","software architect engineer"
"211","Tyrese","Thiel","male","393 Dibbert Rue","San Tan Valley","55633529","Antwon.Hilll20@gmail.com","network engineer"
"212","Lilla","Hudson","male","7557 Susan View","South Shannyhaven","11080967","Ethelyn84@gmail.com","business analyst"
"213","Kaylie","Langosh","male","2629 Nicolas Shores","Candidofort","75723859","Grover_Hilpert42@gmail.com","business analyst"
"214","Mariana","Wyman","male","857 Merritt Streets","Framingham","71438474","Maybell_Krajcik36@hotmail.com","cloud engineer"
"215","Madge","Keebler","female","4181 Zoie Glen","Lake Maximus","12703463","Adelbert.Roberts14@gmail.com","cloud engineer"
"216","Annabelle","Douglas","male","852 Jane Underpass","Emeraldside","95437740","Candido_Leffler65@hotmail.com","network engineer"
"217","Marcel","Medhurst","male","329 Amparo Drives","New Bennyboro","98259356","Tressie_Hettinger37@yahoo.com","network engineer"
"218","Marcelo","Walker","male","5337 Haag Green","Parker","56343400","Joshua.Stroman44@yahoo.com","cloud engineer"
"219","Noel","Rosenbaum","male","34484 Lavina Locks","Port Micaela","58565908","Winifred.Jacobs@yahoo.com","business analyst"
"220","Marcia","Cruickshank","male","7798 Bosco Mill","Lake Terrenceborough","54970641","Myrtice_Wyman@gmail.com","network engineer"
"221","Camilla","Boyer","female","41705 Morgan Circles","Jameltown","89471351","Alejandra88@yahoo.com","software architect engineer"
"222","Bernadine","Crist","female","10631 Beer Drive","West Margot","31683500","Shawna_Reichert30@yahoo.com","cloud engineer"
"223","Thelma","Hessel","male","18597 Hackett Divide","Cranston","40958447","Royal17@yahoo.com","cloud engineer"
"224","Kaley","Erdman","male","174 Ferry Pass","Purdyville","57269792","Khalil19@yahoo.com","software architect engineer"
"225","Carmine","Herman","male","2317 Kreiger Shoal","East Mohamed","68548460","Rollin.Stehr@gmail.com","cloud engineer"
"226","Richmond","Donnelly","male","218 Rohan Causeway","Henderson","26743381","Roger69@gmail.com","cloud engineer"
"227","Magnolia","Morissette","male","765 Reilly Cliff","Livermore","97162195","Coleman_Welch70@yahoo.com","network engineer"
"228","Ashleigh","Padberg","male","8660 McKenzie Route","Fort Maribelfort","54760529","Gretchen.Zulauf95@gmail.com","network engineer"
"229","Emery","Blick","male","1582 Ocie Alley","West Gennaroboro","29675387","Silas_Nicolas@hotmail.com","business analyst"
"230","Eleanore","Greenfelder","female","718 Maci Ford","Scottsdale","56382719","Saul96@yahoo.com","cloud engineer"
"231","Amaya","Mann","male","1820 Breitenberg Pine","West Mozellecester","75169606","Carroll_Kunde52@gmail.com","software architect engineer"
"232","Shirley","Okuneva","male","73733 Marcelino Path","East Terenceshire","68324492","Kiera_Moen4@gmail.com","network engineer"
"233","Viviane","Thiel","female","67484 O'Keefe Neck","Edacester","71546356","Shanie.McKenzie@yahoo.com","software architect engineer"
"234","Keenan","Hilll","female","394 Fay Route","Rancho Cordova","36249607","Kaley8@yahoo.com","network engineer"
"235","Brendan","Labadie","female","7647 Hagenes Well","West Maeve","13907893","Keara_Ankunding@yahoo.com","software architect engineer"
"236","Obie","Davis","female","300 Marvin Walks","New Johnathon","43149869","Reilly_Sawayn82@yahoo.com","network engineer"
"237","Deion","Schmidt","male","5975 Mraz Viaduct","Chattanooga","52456840","Jalyn_Hagenes@yahoo.com","software architect engineer"
"238","Tanya","Hermiston","male","4928 Lia Well","Yucaipa","21392069","Maeve_Cremin@yahoo.com","network engineer"
"239","Carlo","Lakin","female","322 Cole Neck","Port Bradford","09744304","Sarai.Gutmann@gmail.com","cloud engineer"
"240","Simone","Bruen","male","858 Pacocha Course","Magnoliachester","00788492","Rigoberto.Olson24@gmail.com","cloud engineer"
"241","Jerad","Raynor","female","55379 Harris Common","Abbeyside","78604997","Bradley_Nader46@yahoo.com","business analyst"
"242","Alicia","Harris","male","28013 Carlie Brooks","South Joliefort","83651450","Hertha.Kutch@gmail.com","software architect engineer"
"243","Zachary","McDermott","female","69494 Kris Throughway","Chesterfurt","06468307","Adriel45@yahoo.com","cloud engineer"
"244","Elenora","Kohler","male","88558 Littel Ford","Port Houstonland","43217881","Elenor.OHara66@gmail.com","network engineer"
"245","Raphael","Grady","male","2986 Macejkovic Springs","Lake Danielachester","38225822","Vickie97@yahoo.com","software architect engineer"
"246","Josiane","Kulas","female","77857 Jayce Parkways","Wolfhaven","17026058","Clinton81@gmail.com","software architect engineer"
"247","Clarissa","Miller","female","764 Sabrina Crossing","Jamieland","26942470","Christelle.Howell@hotmail.com","network engineer"
"248","Newell","Stokes","female","22692 Jefferey Via","Terryboro","56060648","Rose.Keebler@hotmail.com","business analyst"
"249","Jarvis","Johnston","female","474 Marianne Lock","South Jan","29020253","Fern.Lang@gmail.com","network engineer"
"250","Clark","Ondricka","female","22086 Oran Club","North Leanne","83930333","Xander64@gmail.com","software architect engineer"
"251","Robert","Davis","female","1542 Mohr Prairie","East Caseybury","08786479","Hunter.Grimes@gmail.com","software architect engineer"
"252","Kaley","Schimmel","male","60540 Ullrich Flats","West Morganland","62334022","Jada_Hayes@hotmail.com","business analyst"
"253","Cole","Bosco","male","582 Antonietta Mountains","Zoeyview","73398646","Bertrand49@gmail.com","network engineer"
"254","Rossie","Beier","male","027 Klocko Prairie","Cuyahoga Falls","12854364","Yazmin_Homenick@gmail.com","business analyst"
"255","Reva","Hills","female","898 Zemlak Corner","Marcelinofurt","91658763","Skyla.Bode@hotmail.com","business analyst"
"256","Otto","Lehner","female","6768 Adolphus Hills","South Brooksland","45483736","Abbigail.Stehr@yahoo.com","business analyst"
"257","Luther","Fay","female","58891 Muriel Mews","O'Konfurt","66302157","Maria.Cummings45@hotmail.com","business analyst"
"258","Ron","Rath","male","7218 Gerlach Circles","North Lucinda","85278458","Lia.Langosh@yahoo.com","software architect engineer"
"259","Al","Dach","male","72575 Katheryn Curve","Arnoldcester","95256441","Kip31@hotmail.com","business analyst"
"260","Mabel","Prosacco","female","35417 Douglas Rapid","Ashburn","45954248","Korey62@hotmail.com","network engineer"
"261","Marilyne","Wintheiser","male","606 Geovanny Shores","Denesikton","34086058","Sheila.Macejkovic@yahoo.com","software architect engineer"
"262","Mozell","Torp","male","01826 Sibyl Path","Keller","79659601","Keeley_Mohr@hotmail.com","cloud engineer"
"263","Sylvester","King","male","644 Zboncak Via","Port Hershelfort","84497760","Gregg53@hotmail.com","software architect engineer"
"264","Talia","Macejkovic","male","750 Walker Ville","Lake Saul","26658518","Corrine.Turner61@yahoo.com","cloud engineer"
"265","Meaghan","Daugherty","male","4820 Ubaldo Village","North Tod","60891729","Eleanora96@yahoo.com","business analyst"
"266","Rolando","Toy","male","560 Efrain Grove","East Carmelo","03750800","Barton_Kuvalis@gmail.com","network engineer"
"267","Theo","Donnelly","female","291 Caesar Rapid","Lake Lonnie","55596167","Edwina.Koelpin19@yahoo.com","software architect engineer"
"268","Bailee","Yost","female","5582 Jensen Streets","Cordeliacester","39924385","Kamron85@gmail.com","software architect engineer"
"269","Laron","Balistreri","male","037 Brown Views","Longview","23545903","Brigitte51@gmail.com","software architect engineer"
"270","Brycen","Bradtke","male","433 Hills Forest","Elk Grove","41164818","Abe48@hotmail.com","network engineer"
"271","Itzel","Sipes","female","71221 Candida Views","Luettgenbury","92259550","Ayden97@hotmail.com","business analyst"
"272","Wilfrid","McKenzie","male","7113 Mortimer Points","Brentwood","61932722","Billie.Dickinson@gmail.com","cloud engineer"
"273","Garrison","Beahan","female","28768 Sister Rest","Stephanymouth","41175632","Furman_Hettinger40@gmail.com","business analyst"
"274","Juana","Schimmel","male","108 Dovie Course","East Travon","24567202","Mara_Hayes@gmail.com","network engineer"
"275","Nicolas","Wolf","female","120 Monserrate Branch","South Jordan","94532060","Concepcion_Lesch77@gmail.com","software architect engineer"
"276","Hilton","Gottlieb","male","53716 O'Connell Centers","Port Alfreda","23078316","Ralph83@yahoo.com","business analyst"
"277","Graham","Emmerich","female","1449 Torphy Crossroad","Port Maximillian","36087368","Armani8@hotmail.com","business analyst"
"278","Alexandrine","Blanda","male","68982 Darrin Summit","Botsfordport","78158212","Loraine_Larson@yahoo.com","software architect engineer"
"279","Jamison","Bahringer","male","7311 Edwin Landing","Dale City","31280053","Heloise.Howell@hotmail.com","network engineer"
"280","Nola","Howell","male","399 Harber Divide","Frederick","43975994","Dejah.Orn@hotmail.com","network engineer"
"281","Dolly","Gibson","female","31007 Deckow Field","Isaiaston","18891795","Amaya95@gmail.com","cloud engineer"
"282","Raphael","Lehner","female","88969 Aurore Ridges","Dallinhaven","09034167","Dulce0@gmail.com","business analyst"
"283","Emmanuelle","Bartell","male","24249 Parisian Track","Weimannport","03241839","Alison_Aufderhar@gmail.com","network engineer"
"284","Tyrique","Wilkinson","male","95812 Oberbrunner Pines","East Abelardohaven","75081638","Jarret39@yahoo.com","cloud engineer"
"285","Rusty","Lemke","male","072 Aric Fort","Lake Arthurstead","86934346","Shanel.Spencer59@gmail.com","cloud engineer"
"286","Vida","Wunsch","female","63677 Candelario Junction","Rennermouth","49738203","Jayda.Lynch@yahoo.com","business analyst"
"287","Leonard","Kilback","female","726 Sipes Route","Jazminstead","24953825","Nona.Shanahan67@gmail.com","software architect engineer"
"288","Claire","Larkin","female","70903 Macejkovic Path","Eleonoreville","51055328","Irving_Wisozk@gmail.com","business analyst"
"289","Sean","Gislason","female","1103 Lockman Landing","East Christahaven","84285095","Theodore_Torp@gmail.com","cloud engineer"
"290","Domingo","Hamill","female","840 Howe Fork","Leannonville","89071073","Furman.Doyle62@yahoo.com","cloud engineer"
"291","Jayce","Gerlach","male","056 Adeline Manors","Maple Grove","64284001","Claud82@gmail.com","network engineer"
"292","Jazmyne","Swaniawski","male","26494 Ludwig Forges","Aurora","26605745","Hilton59@yahoo.com","business analyst"
"293","Faustino","Pfeffer","male","834 Damaris Terrace","Port Armandcester","55343650","Mabel58@hotmail.com","software architect engineer"
"294","Micaela","Wunsch","female","437 Abbie Circles","Wehnerstad","67592143","Rebeka89@yahoo.com","business analyst"
"295","Evan","Hammes","male","222 Terry Plain","Santa Cruz","77120789","Jayne_Thiel@gmail.com","network engineer"
"296","Malinda","Gottlieb","male","33683 McDermott Crescent","West Karaboro","18256366","Rodrick_OHara@hotmail.com","network engineer"
"297","Hilma","Quigley","male","16927 Aleen Walk","Bradtkeside","92767706","Rafael.Kerluke25@gmail.com","software architect engineer"
"298","Ian","Gorczany","male","394 Von Oval","Mayacester","82211719","Brando_MacGyver4@hotmail.com","cloud engineer"
"299","Melba","Champlin","female","95328 Jordon Route","Lake Johanstad","57998462","Percy.Kovacek@yahoo.com","business analyst"
"300","D'angelo","Boehm","male","5365 Sydnie Hill","Fort Kennithchester","05595045","Dora_Waelchi@yahoo.com","business analyst"
"301","Loraine","Mitchell","male","895 Marielle Camp","Rubenton","63041128","Susana.Koss@gmail.com","software architect engineer"
"302","Aileen","Pouros","male","216 Elsa Hollow","East Terrance","39277592","Kenyon35@hotmail.com","business analyst"
"303","Molly","Stracke","female","17636 Murl Fort","Lafayette","13201768","Sherwood92@yahoo.com","software architect engineer"
"304","Marian","Beier","male","97333 Cremin Stravenue","Malden","53603610","Izabella_Nitzsche60@gmail.com","network engineer"
"305","Dandre","Lubowitz","female","6934 Trevor Ways","New Liliantown","83078162","Jeremie.McGlynn@gmail.com","software architect engineer"
"306","Kylee","Rice","male","17697 Fahey Spurs","New Gregory","48476159","Malachi.Hamill74@yahoo.com","cloud engineer"
"307","Lily","Sanford","female","6596 Schumm Fields","West Celestineborough","95258943","Nyah.Jakubowski@hotmail.com","business analyst"
"308","Sidney","Keeling","male","6899 Casper Valleys","Bernierberg","19355238","Malika.Cremin79@yahoo.com","cloud engineer"
"309","Aimee","Blanda","female","15309 Abbott Mews","Hoboken","30304512","Kara.Hamill@hotmail.com","network engineer"
"310","Pattie","Hoeger","male","2110 Marcia Fields","Kunzeboro","71403951","Verda.Harber@yahoo.com","cloud engineer"
"311","Elta","Larson","male","9297 Beier Branch","Kayceeside","71011521","Ashton.Cummings@gmail.com","network engineer"
"312","Jaime","Beatty","male","09369 Pansy Ranch","Cedar Park","74172441","Florian_Langworth31@yahoo.com","business analyst"
"313","Aimee","Keebler","female","16131 Ezequiel Bypass","Selinatown","51166875","Kurtis75@hotmail.com","software architect engineer"
"314","Vicky","Littel","male","61049 Zachery Ports","Port Paula","85331957","Lucile_Stehr62@yahoo.com","network engineer"
"315","Isom","Carroll","male","74875 Homenick Freeway","Greenwood","61080995","Derick15@yahoo.com","cloud engineer"
"316","Katelyn","Cremin","female","865 Edwardo Key","Fort Waylon","03822992","Emile.Torp@yahoo.com","business analyst"
"317","Treva","Ortiz","male","2380 Keshaun Lakes","New Orleans","53416477","Loyal.Ankunding@gmail.com","software architect engineer"
"318","Sarai","Schimmel","female","44623 Bria Estate","Hempstead","50914905","Lola.Mueller42@hotmail.com","cloud engineer"
"319","Beryl","Hagenes","male","09838 Era Landing","North Antwonworth","62894566","Roel.OReilly26@yahoo.com","business analyst"
"320","Bonnie","Cummings","female","316 Scot Union","Ashlynnland","57421278","Leland_Quigley@gmail.com","software architect engineer"
"321","Novella","Blanda","female","4547 Kunde Court","Fort Ashleighville","68802456","Reece87@gmail.com","network engineer"
"322","Jovanny","Koelpin","male","59798 Buckridge Forks","Enosside","90053818","Dylan_Heaney62@gmail.com","business analyst"
"323","Maribel","Casper","male","21335 Muhammad Summit","Galveston","64345422","Trever_Willms69@gmail.com","software architect engineer"
"324","Garret","Ward","male","60976 Beer Drives","Reingertown","86369821","Jarrod.Kling30@yahoo.com","business analyst"
"325","Marquise","Stroman","male","62774 Harber Lane","East Samfield","66878526","Itzel92@yahoo.com","software architect engineer"
"326","Micaela","Sauer","female","67234 Auer Lakes","New Mitchelshire","46064556","Lilyan.Ankunding31@gmail.com","business analyst"
"327","Herman","Hauck","male","1784 Lempi Heights","New Aletha","86015704","Ashton_Jacobson24@yahoo.com","software architect engineer"
"328","Esperanza","Toy","male","2288 Leuschke Gardens","Port Barrett","47887603","Jaycee87@gmail.com","cloud engineer"
"329","Easter","Ritchie","male","0853 Grant Course","Santa Clarita","21716203","Otilia31@gmail.com","software architect engineer"
"330","Theron","Batz","male","564 Krajcik Rue","Port Emanuelfield","77077393","Juliet23@gmail.com","software architect engineer"
"331","Lyla","Langworth","male","60615 McClure Crescent","Minnetonka","45201110","David_Wolff@yahoo.com","software architect engineer"
"332","Jonathan","Ledner","male","9905 Keara Trail","Shannymouth","63141879","Curt.Smith@yahoo.com","software architect engineer"
"333","Winfield","Feest","male","22452 Carleton Pike","Reingerworth","36608754","Raymundo.Cummings@hotmail.com","network engineer"
"334","Maudie","Douglas","female","497 Kertzmann Estate","New Moriahland","85150482","Freida_Legros18@yahoo.com","software architect engineer"
"335","Maritza","Hansen","male","889 Ortiz Brook","Jakehaven","82429269","Diana87@yahoo.com","software architect engineer"
"336","Kelvin","Rutherford","female","70734 Auer Dale","Jacintocester","92847973","Rahul.Spencer70@hotmail.com","network engineer"
"337","Cleveland","King","female","353 Veum Corner","South Cadenstad","55808674","Mathias.MacGyver@yahoo.com","cloud engineer"
"338","Dasia","Leannon","female","4592 Lowe Loop","Janesville","00105087","Guillermo_Wuckert48@gmail.com","business analyst"
"339","Amya","Adams","male","358 Juston Crossing","Reginaldchester","77404033","Eugenia_OHara17@gmail.com","network engineer"
"340","Gilda","Walter","male","280 Ted Stream","Libbychester","72365510","Bridgette.Legros@gmail.com","network engineer"
"341","Casimir","Fay","female","6401 Jeanne Square","Hillsboro","90672150","Nolan18@yahoo.com","network engineer"
"342","Hiram","Rohan","male","46983 Breitenberg Pine","Hermistonworth","74380279","Clifford90@gmail.com","network engineer"
"343","Neha","Spinka","female","6362 Howe Locks","Port Ferminfort","90438320","Jackeline77@hotmail.com","software architect engineer"
"344","Trisha","Grady","male","5417 Bechtelar Landing","Rockville","32735571","Nina23@yahoo.com","business analyst"
"345","Darrion","Stracke","male","141 Heaney Lane","North Guy","10859769","Shanelle.Rath60@hotmail.com","software architect engineer"
"346","Hailie","Runolfsson","male","90591 Muller Meadow","Beerborough","11065999","Marcelo.Wehner@hotmail.com","software architect engineer"
"347","Lance","Powlowski","female","65781 Nienow Locks","Schummville","44976032","Eino.Koch0@gmail.com","software architect engineer"
"348","Kurt","Kiehn","male","943 O'Keefe Dale","Goodwinville","37622257","Eda.Daugherty@hotmail.com","cloud engineer"
"349","Zelda","Bogan","female","0428 White Hills","South Destiney","42705190","Karelle_Wunsch51@yahoo.com","software architect engineer"
"350","Misty","Beier","female","5495 Orn Ways","Rodolfoburgh","70217262","Trevor.Pollich@hotmail.com","software architect engineer"
"351","Felton","Schmeler","male","006 Alanis Terrace","South Lizeth","84473755","Sister57@hotmail.com","software architect engineer"
"352","Gregory","Buckridge","female","11187 Jett Hollow","Leopoldport","49055469","Angela84@hotmail.com","business analyst"
"353","Rasheed","Schmeler","male","61506 Tobin Tunnel","West Berneice","48888300","Jonas_Reilly27@hotmail.com","software architect engineer"
"354","Marcus","Heller","male","45548 Verda Causeway","North Simone","23196825","Kailee41@gmail.com","software architect engineer"
"355","Mafalda","Kuhn","female","52689 Noemi Place","Beahanfurt","88391005","Garrett17@hotmail.com","network engineer"
"356","Timmothy","Kovacek","female","28521 Kelly Via","South Enos","13389007","Nicholas_Hoeger@gmail.com","software architect engineer"
"357","Stacy","Rutherford","female","68769 Molly Trail","Romaguerafurt","17420852","Alia_Volkman@yahoo.com","business analyst"
"358","Lonie","Brown","female","00818 Maureen Place","Brakusboro","31648722","Alisha92@hotmail.com","software architect engineer"
"359","Horacio","Bayer","male","05408 Thelma Key","New Misty","79717989","Ellsworth98@gmail.com","software architect engineer"
"360","Syble","Blanda","female","20287 Issac Brook","Alfurt","57709452","Lea7@hotmail.com","software architect engineer"
"361","Tanya","West","female","8688 Justina Corners","Durham","36330934","Nicolas_Witting36@gmail.com","cloud engineer"
"362","Kendall","Rau","male","435 Shanahan Coves","O'Haraworth","36346467","Mozelle70@yahoo.com","cloud engineer"
"363","Shania","Von","male","539 Bergstrom Islands","Eastonport","27160873","Eriberto_Christiansen@gmail.com","network engineer"
"364","Arnaldo","Rolfson","male","096 Bauch Glen","North Velvashire","10272585","Bridget_Feeney8@hotmail.com","cloud engineer"
"365","Hubert","Cremin","male","801 Elias Highway","Lemkestad","37815332","Zane.Koss39@hotmail.com","cloud engineer"
"366","Eldora","O'Connell","male","431 Adelia Circles","Gaetanochester","55397628","Austen.Raynor@yahoo.com","software architect engineer"
"367","May","Conroy","female","96744 Unique Manor","Ceres","13398093","Arch.Keebler@hotmail.com","software architect engineer"
"368","Rahsaan","Casper","female","61439 Marianna Station","Schroederstead","12947094","Zechariah_Walker19@yahoo.com","software architect engineer"
"369","Christa","Becker","female","1376 Al Spring","West Lera","63671463","Ashton33@gmail.com","software architect engineer"
"370","Fletcher","Bayer","female","1459 Auer Burg","Baumbachhaven","52953689","Jimmie_Abbott@hotmail.com","business analyst"
"371","Lisette","Ortiz","female","63851 Towne Well","Halvorsonstad","43849948","Dejon.Sipes@hotmail.com","cloud engineer"
"372","Justina","Green","male","796 Keebler Forks","West Johann","99592263","Alexanne_Jerde41@yahoo.com","network engineer"
"373","Anna","Blanda","female","17318 Pasquale Corner","Marquardtmouth","34109378","Dejon58@yahoo.com","software architect engineer"
"374","Edd","Tillman","male","14465 Cristobal Crescent","South Delpha","54526201","Alia1@hotmail.com","network engineer"
"375","Marquis","Huels","female","14288 Elfrieda Crest","Rogelioville","02966718","Ova.Bradtke96@hotmail.com","network engineer"
"376","Laverna","Huels","male","3078 Ondricka Hill","Criststad","28563634","Maiya.Funk7@gmail.com","network engineer"
"377","Katrina","Kerluke","male","93235 Cassandra Pines","South Flaviobury","74119868","Clovis39@hotmail.com","network engineer"
"378","Malachi","Bosco","male","3567 Mandy Square","Eastvale","81134622","Nakia_Rempel53@hotmail.com","business analyst"
"379","Orrin","Price","male","6497 Chris Fields","Bauchfort","69362324","Ashleigh.Rosenbaum35@hotmail.com","software architect engineer"
"380","Ruth","Boyer","male","0129 Hettinger Lake","Clarkton","18112756","Karen.Waelchi96@yahoo.com","business analyst"
"381","Layne","Wiza","male","323 Jenkins Forest","Gulgowskiborough","12417202","Elliot1@yahoo.com","business analyst"
"382","Hollis","Wehner","female","44468 Arvel Spurs","West Donny","01589346","Ignacio0@hotmail.com","business analyst"
"383","Nigel","Kertzmann","male","077 Webster Islands","Cassinland","35158561","Bill.Wiegand45@yahoo.com","business analyst"
"384","Cade","Schneider","female","12764 Kihn Rapid","Madieville","93086373","Norris.Runolfsdottir@hotmail.com","software architect engineer"
"385","Jaqueline","Funk","male","7615 Howe Walk","North Harrison","95740405","Felton84@gmail.com","business analyst"
"386","Makenna","Bode","male","4068 Blaise Crest","Bloomington","52091375","Lenore.Harris46@hotmail.com","business analyst"
"387","Bernhard","Kub","female","1819 Dexter Ramp","Freeport","69599259","Alvah10@hotmail.com","network engineer"
"388","Edison","Armstrong","female","5681 Dusty Ferry","West New York","82513458","Anya16@yahoo.com","business analyst"
"389","Karianne","Fisher","male","6703 O'Hara Meadows","Annalisecester","27931237","Betsy2@yahoo.com","network engineer"
"390","Alexanne","Upton","female","0798 Coy Cliff","Wunschburgh","44661958","Keyshawn_Hermann70@hotmail.com","business analyst"
"391","Elena","Zemlak","female","177 Homenick Circles","Jenningsville","60200354","Stefan.Jacobs22@yahoo.com","network engineer"
"392","Cleora","Gislason","female","2464 Jaquelin Throughway","Klockotown","95081474","Vicenta67@yahoo.com","network engineer"
"393","Cristobal","Moore","female","7133 Alexie Well","Dubuque","05495281","Terrence.Beahan@gmail.com","cloud engineer"
"394","Imogene","Bergstrom","male","9343 Jakayla Junctions","South Hill","44119955","Keely66@yahoo.com","cloud engineer"
"395","Forest","Kuvalis","male","72118 Witting Port","Dietrichhaven","74685448","Shanna.Hoeger84@yahoo.com","cloud engineer"
"396","Gerard","Casper","male","506 Elvie Forest","Simton","88906322","Novella54@hotmail.com","cloud engineer"
"397","Jacinto","Gottlieb","male","1062 Raphael Curve","Lake Kaseyberg","08351406","Dorothy.Kovacek@hotmail.com","network engineer"
"398","Darrion","Gerhold","male","693 Mohr Field","Malikabury","61747129","Modesto1@yahoo.com","business analyst"
"399","Celia","Cronin","male","3768 Okuneva Cliffs","Columbus","61270398","Herta.Cruickshank19@hotmail.com","cloud engineer"
"400","Audra","Balistreri","female","10500 Huels Mountain","New Abdulberg","74567489","Elna_Zemlak@gmail.com","network engineer"
"401","Caitlyn","Marvin","female","69101 Emery Divide","Rodrickland","19090385","Furman19@hotmail.com","software architect engineer"
"402","Hailee","Hansen","female","4024 Dovie Lodge","Akron","08316367","Hugh_Hermiston0@gmail.com","software architect engineer"
"403","Chelsie","Jones","male","5188 Lavon Bridge","Florissant","80873382","Catherine_Kautzer46@gmail.com","business analyst"
"404","Elmore","Zieme","female","4871 Gusikowski Lakes","Mossieborough","89727726","Frances_McGlynn7@yahoo.com","software architect engineer"
"405","Kendrick","Fritsch","female","658 Skiles Point","New Brandyfort","86265004","Rosalind.Goyette14@hotmail.com","business analyst"
"406","Jalen","Wisoky","male","8686 Rath Points","Jennifershire","81587573","Lucio_Cormier84@gmail.com","software architect engineer"
"407","Winfield","White","female","1035 Ondricka Glen","Jarviston","32554988","Zula.Wilderman86@gmail.com","network engineer"
"408","Mariah","Gibson","female","43816 Douglas Mills","West Dave","28689320","Desmond_Nikolaus@yahoo.com","cloud engineer"
"409","Syble","Leuschke","male","8463 Brisa Fords","Eagan","91655096","Emery83@hotmail.com","cloud engineer"
"410","Rhianna","Cummings","female","063 Smitham Glens","New Alishacester","18147469","Irwin.Howell@hotmail.com","software architect engineer"
"411","Abe","Kuvalis","male","8148 Jaycee Station","Sauerhaven","09361309","Kieran.Watsica43@gmail.com","software architect engineer"
"412","Eusebio","Buckridge","female","905 Cruickshank Village","Greenholtborough","97318592","Juston.Witting74@gmail.com","network engineer"
"413","Ernestine","Jacobs","female","7220 Krajcik Corners","North Nikolas","09154540","Kyla63@hotmail.com","software architect engineer"
"414","Julien","Hermann","male","40885 Annette Heights","Providence","75627104","Oswaldo_Auer41@hotmail.com","software architect engineer"
"415","Cory","Jacobson","female","86027 Zboncak Course","North Lauderdale","08046557","Vickie.Medhurst65@yahoo.com","software architect engineer"
"416","Davion","Maggio","male","541 Jessie Springs","Jeramybury","09653441","Jessy_Stoltenberg@yahoo.com","software architect engineer"
"417","Fritz","Turcotte","female","5018 Terrell Point","South Reychester","52479998","Jazlyn_Schumm@yahoo.com","cloud engineer"
"418","Clementine","Mante","male","095 Aron Bypass","Colemanside","34187132","Danielle_Price39@yahoo.com","cloud engineer"
"419","Cecilia","O'Connell","female","98908 Kellie Via","Justynland","96920652","Wade_Will95@gmail.com","network engineer"
"420","Alanis","Padberg","male","278 Becker Flat","Mantechester","81916302","Estelle.Hirthe32@yahoo.com","cloud engineer"
"421","Boyd","Kessler","female","19742 Alvera Falls","Lake Augustaside","35050645","Ezekiel.Raynor12@hotmail.com","cloud engineer"
"422","Americo","Wilderman","female","183 Nedra Point","Loraton","75115249","Quinten.Brakus59@gmail.com","software architect engineer"
"423","Una","Hayes","female","6302 Stamm Gateway","Wilfredofurt","08206478","Eulalia_Kihn20@gmail.com","software architect engineer"
"424","Eudora","Miller","male","35779 Natalie Lakes","Hiramtown","33629362","Charity48@yahoo.com","business analyst"
"425","Lysanne","Batz","female","214 Bridget Track","North Elenoraburgh","35961578","Viola_OConnell@gmail.com","network engineer"
"426","Monica","Nienow","female","23050 Conner Estates","Lake Forest","77278855","Peggie80@yahoo.com","business analyst"
"427","Emie","Sauer","male","21073 Joanny Plains","South Karinastad","59202324","Delfina.Cummerata@hotmail.com","cloud engineer"
"428","Gunner","Haley","male","36977 Brook Streets","Port Tristin","08832437","Skylar.Wuckert@hotmail.com","cloud engineer"
"429","Erica","Ryan","female","616 Skiles Heights","Doyleberg","27277899","Linnea_Ondricka58@gmail.com","network engineer"
"430","Penelope","Runolfsson","female","945 Mertz Point","Kavonbury","71399296","Dorothea33@hotmail.com","network engineer"
"431","Florencio","Heathcote","female","41171 Labadie Estate","Lake Arvilla","16015259","Aileen_Paucek@hotmail.com","business analyst"
"432","Anne","Deckow","male","3746 Petra Mills","North Craigshire","07135501","Jocelyn49@yahoo.com","cloud engineer"
"433","Rashawn","Raynor","male","0719 Mireille Fork","New Amina","39944995","Larissa_Daugherty@hotmail.com","business analyst"
"434","Tyrique","Towne","male","380 Zemlak Drives","Collierville","70952923","Percival38@yahoo.com","software architect engineer"
"435","Kristin","Reinger","male","573 Sporer Points","Kunzestead","69512228","Zelma81@gmail.com","cloud engineer"
"436","Jean","Johnston","male","3908 Wallace Extension","North Lorenz","00538501","Milan1@yahoo.com","business analyst"
"437","Michale","Frami","male","79393 Charity Pass","O'Connercester","77672966","Leonor10@hotmail.com","software architect engineer"
"438","Abner","Nienow","female","2955 Ernesto Spring","Schowaltercester","88556565","Alford49@gmail.com","business analyst"
"439","Rhianna","Cormier","male","82461 Cremin View","South Maribelport","11850294","Yvonne_Wolf1@hotmail.com","network engineer"
"440","Amya","Homenick","male","2531 Chaz Isle","East Nyah","55547689","Noemi_Torphy82@gmail.com","cloud engineer"
"441","Camila","Jenkins","male","7341 Lisette Park","Binghamton","57524831","Herta.Parisian@gmail.com","cloud engineer"
"442","Alison","O'Hara","female","720 Graham Port","Eastermouth","29774498","Malvina.Abbott@yahoo.com","business analyst"
"443","Mike","Luettgen","male","4611 Jovany Falls","Victorville","00742577","Monica.Wyman76@hotmail.com","network engineer"
"444","Hubert","Gibson","female","7092 Juanita Grove","Kellicester","60815948","Raphael.Monahan95@gmail.com","business analyst"
"445","Darwin","Quigley","female","77617 O'Reilly Rue","Pierrecester","88543048","Beverly78@hotmail.com","business analyst"
"446","Tina","Gibson","female","3449 Grimes Terrace","New Allystad","83452952","Theodore50@hotmail.com","cloud engineer"
"447","Carole","Jenkins","female","0978 Stroman Islands","New Ralph","65953317","Vernon_Bruen@gmail.com","cloud engineer"
"448","Shayne","Stehr","female","66388 Bahringer Roads","New Blazetown","20814539","Idell58@yahoo.com","network engineer"
"449","Carolina","Trantow","female","8206 Nathen View","Lake Annalisefurt","68119977","Shyanne_Beatty@yahoo.com","cloud engineer"
"450","Elias","Franecki","male","0977 Lucile Points","Predovicton","35989051","Destany65@hotmail.com","cloud engineer"
"451","Emilio","Strosin","male","88594 Brian Estates","Reubenstad","98753242","Murphy15@yahoo.com","business analyst"
"452","Murl","McKenzie","female","8108 Edison Court","Grimesworth","11514600","Hulda.Kuvalis@yahoo.com","cloud engineer"
"453","Sandrine","Satterfield","male","43973 Reinger Park","Krisburgh","25932367","Sebastian.Rogahn@hotmail.com","cloud engineer"
"454","Emmanuel","Dietrich","male","3282 Cassin Freeway","Fort Athena","58697256","Kiarra.Denesik@hotmail.com","business analyst"
"455","Mike","Ryan","male","1034 Pacocha Valleys","Grand Rapids","15824676","Treva48@gmail.com","network engineer"
"456","Electa","Stark","female","805 Karelle Vista","Port Al","87943985","Orpha5@gmail.com","cloud engineer"
"457","Imelda","Mohr","male","956 Baron Rapids","Ratkeborough","75327645","Lisandro_Kozey@hotmail.com","software architect engineer"
"458","Camden","Walker","female","45599 Ebert Run","East Libbie","13327197","Dakota6@gmail.com","software architect engineer"
"459","Valentin","Doyle","female","076 Leola Dale","South Emelia","40102555","Amir_Paucek29@yahoo.com","cloud engineer"
"460","Vada","Rempel","female","44019 Littel Landing","Jovannymouth","69574694","Maxime1@gmail.com","cloud engineer"
"461","Eloy","Larkin","female","143 Kiana Oval","Fort Maureen","92924478","Stephanie.Willms@yahoo.com","cloud engineer"
"462","Maurice","Stoltenberg","male","86903 Rohan Fall","New Esther","64463066","Rosanna63@yahoo.com","business analyst"
"463","Heath","Schroeder","female","454 Maia Curve","Rauport","99281887","Evalyn24@yahoo.com","network engineer"
"464","Fannie","Hayes","female","7126 Jacey Track","Kodyview","03766769","Raphael.Mosciski70@hotmail.com","cloud engineer"
"465","Norval","Hintz","female","925 Liza Drive","Pearlineland","30801068","Orrin_Stiedemann@yahoo.com","business analyst"
"466","Santino","Dickinson","male","188 Brekke Springs","Helmerhaven","29082580","Woodrow.Cremin@hotmail.com","cloud engineer"
"467","Myra","Jacobs","female","8243 Courtney Orchard","Kimberlybury","10686844","Paris_Herzog41@gmail.com","network engineer"
"468","Phyllis","Gleichner","male","36040 Thiel Rapids","Boscostad","44862910","Reina.Kunze@gmail.com","cloud engineer"
"469","Pearl","Kulas","male","739 Stoltenberg Port","West Yesseniashire","89547894","Baylee_Tromp@hotmail.com","software architect engineer"
"470","Rashawn","Boyle","female","4242 Fae Overpass","Gulgowskiville","99977769","Major41@gmail.com","business analyst"
"471","Jimmie","Ondricka","female","57151 Torp Expressway","Casa Grande","04601053","Carole_Hintz71@yahoo.com","software architect engineer"
"472","Hortense","Hyatt","female","6352 Marks Villages","East Isaiasport","03233978","Darryl.Adams@hotmail.com","software architect engineer"
"473","Tianna","Adams","female","0976 Fredrick Squares","West Dion","09059542","Zakary46@gmail.com","business analyst"
"474","Garth","Hickle","male","41943 Braun Avenue","Alfordport","13618100","Micheal_Bailey@yahoo.com","business analyst"
"475","Lauretta","Gutkowski","male","308 Cole Lane","Fort Mableboro","64757275","Jo_White@gmail.com","network engineer"
"476","Millie","Collier","male","233 Nina Estate","Gerlachview","46153483","Nels.Rath61@yahoo.com","network engineer"
"477","Elmore","Kautzer","male","78953 Huels Keys","Quigleyfurt","00063274","Sharon_Gislason@yahoo.com","business analyst"
"478","Adele","Brakus","male","76673 Lauryn Way","Sabinafort","26223914","Juliet_Cormier@gmail.com","network engineer"
"479","Bernardo","Bashirian","male","8981 McLaughlin Roads","West Kassandra","09875297","Walton_Hamill@gmail.com","network engineer"
"480","Zion","Renner","male","171 Lenore Road","Millshaven","57588591","Ali_OConnell@yahoo.com","cloud engineer"
"481","Davon","Heaney","male","1872 Herzog Common","Littleberg","01686433","Vito82@gmail.com","software architect engineer"
"482","Mohammad","Stark","male","8427 Welch Road","Laurenceshire","67557685","Kiarra.Mann75@yahoo.com","network engineer"
"483","Benton","Gutkowski","male","1454 Marlene Ports","Theahaven","69859645","Zula65@yahoo.com","network engineer"
"484","Lucinda","Mayert","male","2284 Turner Fields","Mission","42831229","Dereck17@gmail.com","business analyst"
"485","Sarai","Gutmann","male","82774 Donny Freeway","North Reginald","85965426","Rod.Robel@yahoo.com","network engineer"
"486","Katarina","Bartoletti","female","934 Lawrence Ridge","East Caesar","33048644","Blake.Sipes49@hotmail.com","business analyst"
"487","Travon","Satterfield","female","10230 Waters Ports","Fort Jermaine","27632725","Stone21@yahoo.com","cloud engineer"
"488","Danika","Armstrong","male","13991 Volkman Point","Bahringerport","36069692","Telly.Kirlin@yahoo.com","network engineer"
"489","Callie","Rodriguez","female","47745 Mraz Road","Bentonville","33718033","Bernice_Grady57@hotmail.com","software architect engineer"
"490","Viva","Runte","male","4929 Kozey Port","West Madalinestad","65693687","Margarita.Gottlieb95@hotmail.com","cloud engineer"
"491","Constantin","Robel","female","6713 Cremin Wall","Grapevine","31929363","Ryann54@hotmail.com","network engineer"
"492","Adell","Doyle","female","54495 Geo Harbor","Aiyanafurt","47277034","Caden_Senger37@gmail.com","network engineer"
"493","Domenico","Abernathy","male","46977 Pagac Villages","Gorczanyfort","27304022","Clara87@yahoo.com","software architect engineer"
"494","Kyleigh","Rogahn","male","15743 Collins Parkways","Bolingbrook","43664542","Dameon91@gmail.com","network engineer"
"495","Brain","Moen","female","135 Leuschke Manors","South Ollieborough","78706359","Alaina_Hayes52@hotmail.com","software architect engineer"
"496","Jayce","Windler","male","962 Tromp Wall","West Allison","43875512","Dena_Jacobson@hotmail.com","cloud engineer"
"497","Deron","Cassin","male","9463 Randi Parkways","Arturochester","68193777","Harrison97@hotmail.com","cloud engineer"
"498","Amari","Harris","female","82343 Brook Mills","Jefferson City","88440552","Vidal_Emmerich@hotmail.com","software architect engineer"
"499","Kathryne","Kuphal","male","89165 Sanford Glens","Fort Sierrahaven","62028779","Mabel.Schimmel@gmail.com","network engineer"

